{
  "feature_names": [
    "duration_s",
    "f0_mean",
    "f0_std",
    "f0_cv",
    "f0_min",
    "f0_max",
    "f0_range",
    "f0_p25",
    "f0_p75",
    "f0_iqr",
    "voiced_fraction",
    "jitter_local",
    "jitter_rap",
    "jitter_ppq5",
    "shimmer_local",
    "shimmer_apq3",
    "shimmer_apq5",
    "hnr",
    "spec_centroid_mean",
    "spec_centroid_std",
    "spec_bandwidth_mean",
    "spec_bandwidth_std",
    "spec_rolloff_mean",
    "spec_rolloff_std",
    "spec_slope_mean",
    "spec_slope_std",
    "mfcc_0_mean",
    "mfcc_0_std",
    "mfcc_1_mean",
    "mfcc_1_std",
    "mfcc_2_mean",
    "mfcc_2_std",
    "mfcc_3_mean",
    "mfcc_3_std",
    "mfcc_4_mean",
    "mfcc_4_std",
    "mfcc_5_mean",
    "mfcc_5_std",
    "mfcc_6_mean",
    "mfcc_6_std",
    "mfcc_7_mean",
    "mfcc_7_std",
    "mfcc_8_mean",
    "mfcc_8_std",
    "mfcc_9_mean",
    "mfcc_9_std",
    "mfcc_10_mean",
    "mfcc_10_std",
    "mfcc_11_mean",
    "mfcc_11_std",
    "mfcc_12_mean",
    "mfcc_12_std",
    "rms_energy",
    "log_energy",
    "zcr",
    "peak_amplitude"
  ],
  "mean": [
    24.21796531462401,
    202.2679369643573,
    73.98578325171346,
    0.3414978193018926,
    75.26888230745126,
    436.59087878861027,
    361.32199636180053,
    155.0429524122102,
    243.25060674216184,
    88.20765464505803,
    0.9410158204793632,
    0.08798897689271332,
    0.05378977515965232,
    0.07053481507886117,
    0.11348070769170963,
    0.058607357439325096,
    0.06999681109634784,
    -19.505262366522835,
    1218.8623775630183,
    421.7927518159487,
    1378.3901134963626,
    289.0395336437583,
    2331.0168100292603,
    969.0921700409566,
    -0.00019027894797297594,
    4.9928798270297046e-05,
    -536.3402079366175,
    49.52559177389133,
    9.237148159368894,
    12.454540486329787,
    -2.66347124141458,
    9.74157957678593,
    -3.1842326923705944,
    8.733979638437456,
    -14.510740711466783,
    8.584018734877041,
    -9.333435089300586,
    7.095139792177346,
    -5.25904795671411,
    5.915543140845842,
    -2.454113645627407,
    4.937036892872429,
    -4.8889485990495425,
    4.865492937561866,
    -1.7219994126484544,
    4.156580944234349,
    -2.32588238481137,
    4.089182281225584,
    -2.1697436611475736,
    4.097180574647476,
    -2.6250472703811076,
    3.9833981417893467,
    0.1686946952946307,
    8.521870078968913,
    0.03808726080447361,
    0.9999999927638917
  ],
  "scale": [
    29.405579477459977,
    64.02969573464048,
    56.60301089622501,
    0.21438699651237247,
    38.427654401444755,
    115.2743038504732,
    139.35732215628906,
    43.26611901490923,
    126.5539892118314,
    128.26417405231751,
    0.062085579913474964,
    0.08509155083695771,
    0.052347046672423285,
    0.06723034315516216,
    0.0910578090390527,
    0.05077444963344612,
    0.05759943687282533,
    1.622188837810214,
    400.673143590081,
    313.37654866818326,
    353.620606939418,
    185.5951774717814,
    1034.6297918968514,
    656.0009542654714,
    5.965384785077807e-05,
    3.1271216193565626e-05,
    49.017886980137554,
    21.29182887453516,
    17.43956720355459,
    7.067409246060272,
    15.664431931456164,
    5.682752231568051,
    14.948440805514178,
    4.33020982902875,
    12.052766597368107,
    3.8213996037427553,
    12.498611844946227,
    3.415238098198921,
    9.4299329593737,
    2.692221117124685,
    7.0850710188430925,
    1.9370007051088636,
    6.758403873936889,
    1.9205371962317206,
    6.0429908663825245,
    1.5674034615249897,
    5.696533933960537,
    1.5152139948387904,
    5.853802807823781,
    1.5388823056077634,
    5.081754689728081,
    1.5148738809250604,
    0.09118344978923885,
    0.9447001151132092,
    0.01784004299829761,
    1.946649434538088e-08
  ]
}