{
  "accuracy": 0.9470517448856799,
  "f1_macro": 0.9470240509997102,
  "auc_roc": 0.9857937715619882
}