{
  "feature_names": [
    "duration_s",
    "f0_mean",
    "f0_std",
    "f0_cv",
    "f0_min",
    "f0_max",
    "f0_range",
    "f0_p25",
    "f0_p75",
    "f0_iqr",
    "voiced_fraction",
    "jitter_local",
    "jitter_rap",
    "jitter_ppq5",
    "shimmer_local",
    "shimmer_apq3",
    "shimmer_apq5",
    "hnr",
    "spec_centroid_mean",
    "spec_centroid_std",
    "spec_bandwidth_mean",
    "spec_bandwidth_std",
    "spec_rolloff_mean",
    "spec_rolloff_std",
    "spec_slope_mean",
    "spec_slope_std",
    "mfcc_0_mean",
    "mfcc_0_std",
    "mfcc_1_mean",
    "mfcc_1_std",
    "mfcc_2_mean",
    "mfcc_2_std",
    "mfcc_3_mean",
    "mfcc_3_std",
    "mfcc_4_mean",
    "mfcc_4_std",
    "mfcc_5_mean",
    "mfcc_5_std",
    "mfcc_6_mean",
    "mfcc_6_std",
    "mfcc_7_mean",
    "mfcc_7_std",
    "mfcc_8_mean",
    "mfcc_8_std",
    "mfcc_9_mean",
    "mfcc_9_std",
    "mfcc_10_mean",
    "mfcc_10_std",
    "mfcc_11_mean",
    "mfcc_11_std",
    "mfcc_12_mean",
    "mfcc_12_std",
    "rms_energy",
    "log_energy",
    "zcr",
    "peak_amplitude"
  ],
  "mean": [
    24.043647152135232,
    201.71569502884444,
    73.4497150486844,
    0.33942977793371276,
    76.05725902369163,
    435.91055727521433,
    359.85329819184636,
    155.0170264674438,
    242.05905924405718,
    87.04203306122378,
    0.9408156405574004,
    0.08699964643100212,
    0.05314700709196103,
    0.06970504948952842,
    0.11228998806652592,
    0.05783659415420427,
    0.06923375529641673,
    -19.511915560376917,
    1225.135562460632,
    422.92317374604704,
    1378.073010973695,
    289.4534317526146,
    2341.743566189432,
    969.4353460536823,
    -0.00019061439123437064,
    5.000597801226087e-05,
    -535.5100212602122,
    49.38501630449123,
    9.161147685049082,
    12.44456541466512,
    -3.01479220872848,
    9.730267796705776,
    -2.984147217759031,
    8.700221831187445,
    -14.658803275186752,
    8.565089153612277,
    -9.260283200256302,
    7.074492083559828,
    -5.262761773009225,
    5.889455925686695,
    -2.592290288329665,
    4.937083392869121,
    -4.805535279647402,
    4.841393576345432,
    -1.8376092848868952,
    4.150682858037891,
    -2.3014794328161314,
    4.086376189468282,
    -2.2348495618442383,
    4.111878778816847,
    -2.6729885837338894,
    3.9843826471826804,
    0.16922542592454545,
    8.52213522214465,
    0.038345778070695065,
    0.9999999927556328
  ],
  "scale": [
    29.172025375141047,
    63.19502420461568,
    56.52510861393955,
    0.21460662875460287,
    38.92238922184418,
    115.93336308552198,
    140.55607255325174,
    42.49275402224995,
    125.72803530275992,
    127.53229644010075,
    0.06264612574652663,
    0.08451329804273283,
    0.051969938243261904,
    0.06678115487506575,
    0.09034130022029797,
    0.05030316657135274,
    0.057155694069628095,
    1.6073111321705766,
    406.90337496745013,
    313.8313549968568,
    351.42904921909457,
    186.52416566567297,
    1038.4635326342027,
    659.1956514262338,
    5.885528217619273e-05,
    3.152217687503784e-05,
    50.521843599505345,
    21.491978985011215,
    17.49427233372526,
    7.036026408117346,
    15.758767820285279,
    5.655893498353881,
    14.991932290174642,
    4.331932592327799,
    12.092589837045562,
    3.8271684923677123,
    12.468680141314724,
    3.4224526754806366,
    9.394625716563917,
    2.7056305476365887,
    7.071409099335546,
    1.9515658585376163,
    6.794181490383131,
    1.9313813669411137,
    6.059283912303354,
    1.575997980425762,
    5.678935954708041,
    1.513765625446726,
    5.801313702964632,
    1.5552880624383327,
    5.22380160411202,
    1.5164858833875101,
    0.0909341552444801,
    0.9415057365073872,
    0.01789380980598022,
    1.9476064189567558e-08
  ]
}